{"cameraMode":{"drawMode":0,"name":"Shaded","section":"Shading Mode"},"sceneLighting":true,"audioPlay":false,"sceneViewState":{"showFog":true,"showMaterialUpdate":false,"showSkybox":true,"showFlares":true,"showImageEffects":true,"showParticleSystems":true},"in2DMode":false,"pivot":{"x":1.4472712278366089,"y":0.06451702117919922,"z":14.213228225708008},"rotation":{"x":-0.08270461112260819,"y":-0.015847647562623025,"z":0.0013153887121006847,"w":-0.9964476227760315},"size":10.0,"orthographic":false}