{"cameraMode":{"drawMode":0,"name":"Shaded","section":"Shading Mode"},"sceneLighting":true,"audioPlay":false,"sceneViewState":{"showFog":true,"showMaterialUpdate":false,"showSkybox":true,"showFlares":true,"showImageEffects":true,"showParticleSystems":true},"in2DMode":false,"pivot":{"x":-2.477097749710083,"y":4.280895233154297,"z":1.722395420074463},"rotation":{"x":-0.07511379569768906,"y":0.05771588161587715,"z":-0.004342211876064539,"w":-0.9955163598060608},"size":4.1180338859558109,"orthographic":false}